{
  "project_info": {
    "project_number": "613784181606",
    "firebase_url": "https://mymoviecs338project.firebaseio.com",
    "project_id": "mymoviecs338project",
    "storage_bucket": "mymoviecs338project.appspot.com"
  },
  "client": [
    {
      "client_info": {
        "mobilesdk_app_id": "1:613784181606:android:e5e6146541082df86586a7",
        "android_client_info": {
          "package_name": "cs338.regis.mymoviesapplication"
        }
      },
      "oauth_client": [
        {
          "client_id": "613784181606-mass8pvfusnfqg10a7lc4in6e8e3uk6t.apps.googleusercontent.com",
          "client_type": 3
        }
      ],
      "api_key": [
        {
          "current_key": "AIzaSyAZGHCcdCWuOOfk7K2xKLeeP0Y3j9ZwfoE"
        }
      ],
      "services": {
        "appinvite_service": {
          "other_platform_oauth_client": [
            {
              "client_id": "613784181606-mass8pvfusnfqg10a7lc4in6e8e3uk6t.apps.googleusercontent.com",
              "client_type": 3
            }
          ]
        }
      }
    }
  ],
  "configuration_version": "1"
}